{
    "constraints": [
        {
            "className": "HeightConstraintBelow",
            "id": 1,
            "args": [
                0.5598802974925514,
                0.0
            ]
        },
        {
            "className": "UprightConstraint",
            "id": 2,
            "args": [
                0.7004280251164269,
                -0.0027141000150390257,
                0.038223814598186905,
                -0.712693591447387,
                15
            ]
        },
        {
            "className": "OverUnderConstraint",
            "id": 3,
            "args": [
                -0.5726076696256587,
                0.19883666930778104,
                0.353177531164334,
                0.08
            ]
        }
    ]
}