{
    "settings":
   {
        "calibration_settings": {
            "start_configuration": [0.350998046875, 0.51469921875, -1.2773310546875, 1.04912109375, -0.3221943359375, -0.7327294921875, 1.8772587890625],
            "calibration_pose":
            {
                "position": [1.0896, -0.04371, -0.15091],
                "orientation": [0, 0, 0, 1]
            }
        },
       "recording_settings": {
           "calibration_pose":
               {
                   "position": [0.2821271154625369, 0.6993660443827091, -0.2166083219212962],
                   "orientation": [-0.005523956201021585, 0.9998884034279703, -0.004719975318146538, 0.01305329196600423]
               },
           "start_configuration": [0.575306640625, -0.336431640625, -0.359044921875, 1.458134765625, 0.6804560546875, 0.5560009765625, 1.6094990234375],
           "sampling_rate": 100,
           "constraint_trigger_mechanism": "web_trigger"
       },
       "labeling_settings": {
           "divisor": 20,
           "window": 10
       },
       "modeling_settings": {
           "planner": "RRTkConfigDefault",
           "culling_threshold": 12,
           "bandwidth": 0.025,
           "number_of_samples": 50
       },
       "raw_output_directory": "./raw_demonstrations/",
       "labeled_output_directory": "./labeled_demonstrations/"

   },
   "constraints": [
        {
           "class": "PlanarConstraint",
           "init_args":
           {
               "constraint_id": 1,
               "item_id": 1,
               "reference_position": 0.3,
               "threshold_distance": 0.00,
               "direction": "negative",
               "axis": "z"
           }
        },
        {
            "class": "OrientationConstraint", 
            "init_args" :
                {
                    "constraint_id": 2,
                    "item_id": 1,
                    "threshold_angle": 8,
                    "reference_orientation": [0.7038235999438831, 0.019905589642572826, 0.7082354269567385, 0.05136815809838097],
                    "axis": "z"
                }
        },
        {
           "class": "OverUnderConstraint",
           "init_args" :
               {
                   "constraint_id": 3,
                   "above_item_id": 1,
                   "below_item_id": 2,
                   "threshold_distance": 0.08,
                   "reference_pose": {
                       "position": [0.7712039325143276, -0.5176682963271874, -0.051255953600384374],
                       "orientation":  [-0.003588055934499179, -0.9989722612831933, -0.004546341379431041, 0.044954174682852586]
                   },
                   "axis": "z"
               }
       }
   ],
   "triggers": [
       {
           "class": "WebTrigger",
           "init_args":
           {
               "constraint_id": 1
           }
       },
       {
           "class": "WebTrigger",
           "init_args":
           {
               "constraint_id": 2
           }
       },
       {
           "class": "WebTrigger",
           "init_args":
           {
               "constraint_id": 3
           }
       }
   ],
   "items": [],
   "robots": [
       {
           "class": "SawyerRobot",
           "init_args":
           {
               "item_id": 1,
               "reference_pose":
               {
                   "position": [0.578695253097807, -0.39773819035311436, -0.011090908106854147],
                   "orientation":[-0.7071318608127011, -0.02090705254793435, -0.011310713675474933, -0.7066820319871432]

               }
           }
       }

   ]

}
